"Day","Phylum","OrdName","Responders","count","Phylumtotal","Fraction"
1,"Acidobacteria","11-24","None",4,358,0.0111731843575419
1,"Acidobacteria","32-20","None",5,358,0.0139664804469274
1,"Acidobacteria","Acidobacteriales","None",63,358,0.175977653631285
1,"Acidobacteria","Acidobacteriales","Stover",3,358,0.00837988826815642
1,"Acidobacteria","CCU21","None",17,358,0.0474860335195531
1,"Acidobacteria","DS-100","None",2,358,0.00558659217877095
1,"Acidobacteria","DS-18","None",10,358,0.0279329608938547
1,"Acidobacteria","Ellin6513","None",14,358,0.0391061452513966
1,"Acidobacteria","Ellin7246","None",1,358,0.00279329608938547
1,"Acidobacteria","Holophagales","None",3,358,0.00837988826815642
1,"Acidobacteria","Holophagales","Stover",1,358,0.00279329608938547
1,"Acidobacteria","iii1-15","None",70,358,0.195530726256983
1,"Acidobacteria","iii1-15","Stover",1,358,0.00279329608938547
1,"Acidobacteria","MVS-40","None",2,358,0.00558659217877095
1,"Acidobacteria","PK29","None",6,358,0.0167597765363128
1,"Acidobacteria","RB41","None",23,358,0.0642458100558659
1,"Acidobacteria","SJA-36","None",1,358,0.00279329608938547
1,"Acidobacteria","Solibacterales","None",63,358,0.175977653631285
1,"Acidobacteria","Sva0725","None",18,358,0.0502793296089385
1,"Acidobacteria","Unknown","None",51,358,0.142458100558659
1,"Actinobacteria","0319-7L14","None",18,346,0.0520231213872832
1,"Actinobacteria","Acidimicrobiales","None",79,346,0.228323699421965
1,"Actinobacteria","Actinomycetales","Both",4,346,0.0115606936416185
1,"Actinobacteria","Actinomycetales","None",115,346,0.332369942196532
1,"Actinobacteria","Actinomycetales","PyOM",2,346,0.00578034682080925
1,"Actinobacteria","Actinomycetales","Stover",21,346,0.0606936416184971
1,"Actinobacteria","Gaiellales","None",63,346,0.182080924855491
1,"Actinobacteria","Gaiellales","Stover",1,346,0.00289017341040462
1,"Actinobacteria","Solirubrobacterales","None",41,346,0.11849710982659
1,"Actinobacteria","Unknown","None",2,346,0.00578034682080925
1,"AD3","Unknown","None",10,10,1
1,"Armatimonadetes","Armatimonadales","None",7,98,0.0714285714285714
1,"Armatimonadetes","Chthonomonadales","None",14,98,0.142857142857143
1,"Armatimonadetes","[Fimbriimonadales]","None",14,98,0.142857142857143
1,"Armatimonadetes","[Fimbriimonadales]","Stover",1,98,0.0102040816326531
1,"Armatimonadetes","FW68","None",4,98,0.0408163265306122
1,"Armatimonadetes","FW68","Stover",1,98,0.0102040816326531
1,"Armatimonadetes","SJA-22","None",8,98,0.0816326530612245
1,"Armatimonadetes","Unknown","None",49,98,0.5
1,"Bacteroidetes","Cytophagales","Both",1,252,0.00396825396825397
1,"Bacteroidetes","Cytophagales","None",35,252,0.138888888888889
1,"Bacteroidetes","Cytophagales","PyOM",1,252,0.00396825396825397
1,"Bacteroidetes","Cytophagales","Stover",10,252,0.0396825396825397
1,"Bacteroidetes","Flavobacteriales","None",6,252,0.0238095238095238
1,"Bacteroidetes","Flavobacteriales","Stover",13,252,0.0515873015873016
1,"Bacteroidetes","[Saprospirales]","Both",2,252,0.00793650793650794
1,"Bacteroidetes","[Saprospirales]","None",97,252,0.384920634920635
1,"Bacteroidetes","[Saprospirales]","PyOM",2,252,0.00793650793650794
1,"Bacteroidetes","[Saprospirales]","Stover",11,252,0.0436507936507936
1,"Bacteroidetes","Sphingobacteriales","None",60,252,0.238095238095238
1,"Bacteroidetes","Sphingobacteriales","Stover",11,252,0.0436507936507936
1,"Bacteroidetes","Unknown","None",3,252,0.0119047619047619
1,"BHI80-139","Unknown","None",1,1,1
1,"BRC1","Unknown","None",7,7,1
1,"Chlorobi","A89","None",2,6,0.333333333333333
1,"Chlorobi","Unknown","None",4,6,0.666666666666667
1,"Chloroflexi","A31","None",9,293,0.0307167235494881
1,"Chloroflexi","AKIW781","None",3,293,0.0102389078498294
1,"Chloroflexi","AKYG1722","None",4,293,0.0136518771331058
1,"Chloroflexi","AKYG885","None",9,293,0.0307167235494881
1,"Chloroflexi","B07_WMSP1","None",8,293,0.0273037542662116
1,"Chloroflexi","B10-SB3A","None",1,293,0.00341296928327645
1,"Chloroflexi","B10-SB3A","Stover",1,293,0.00341296928327645
1,"Chloroflexi","Caldilineales","None",7,293,0.0238907849829352
1,"Chloroflexi","CFB-26","None",3,293,0.0102389078498294
1,"Chloroflexi","Elev-1554","None",2,293,0.0068259385665529
1,"Chloroflexi","Ellin6537","None",3,293,0.0102389078498294
1,"Chloroflexi","envOPS12","None",7,293,0.0238907849829352
1,"Chloroflexi","H39","None",5,293,0.0170648464163823
1,"Chloroflexi","JG30-KF-AS9","None",19,293,0.0648464163822526
1,"Chloroflexi","JG30-KF-CM45","None",15,293,0.0511945392491468
1,"Chloroflexi","Ktedonobacterales","None",16,293,0.0546075085324232
1,"Chloroflexi","mle1-48","None",4,293,0.0136518771331058
1,"Chloroflexi","[Roseiflexales]","None",3,293,0.0102389078498294
1,"Chloroflexi","SBR1031","None",25,293,0.0853242320819113
1,"Chloroflexi","Thermogemmatisporales","None",23,293,0.0784982935153584
1,"Chloroflexi","TK10","None",12,293,0.0409556313993174
1,"Chloroflexi","Unknown","None",112,293,0.382252559726962
1,"Chloroflexi","Unknown","Stover",1,293,0.00341296928327645
1,"Chloroflexi","WCHB1-50","None",1,293,0.00341296928327645
1,"Cyanobacteria","MLE1-12","None",4,34,0.117647058823529
1,"Cyanobacteria","Nostocales","None",4,34,0.117647058823529
1,"Cyanobacteria","Pseudanabaenales","None",2,34,0.0588235294117647
1,"Cyanobacteria","SM1D11","None",3,34,0.0882352941176471
1,"Cyanobacteria","SM1D11","Stover",1,34,0.0294117647058824
1,"Cyanobacteria","Unknown","None",19,34,0.558823529411765
1,"Cyanobacteria","Unknown","Stover",1,34,0.0294117647058824
1,"Elusimicrobia","Elusimicrobiales","None",13,58,0.224137931034483
1,"Elusimicrobia","FAC88","None",23,58,0.396551724137931
1,"Elusimicrobia","IIb","None",17,58,0.293103448275862
1,"Elusimicrobia","MVP-88","None",4,58,0.0689655172413793
1,"Elusimicrobia","Unknown","None",1,58,0.0172413793103448
1,"FBP","Unknown","None",4,4,1
1,"FCPU426","Unknown","None",6,6,1
1,"Fibrobacteres","258ds10","None",2,2,1
1,"Firmicutes","Bacillales","None",31,80,0.3875
1,"Firmicutes","Bacillales","PyOM",1,80,0.0125
1,"Firmicutes","Bacillales","Stover",23,80,0.2875
1,"Firmicutes","Clostridiales","None",20,80,0.25
1,"Firmicutes","Clostridiales","Stover",5,80,0.0625
1,"GAL15","Unknown","None",1,1,1
1,"Gemmatimonadetes","Ellin5290","None",25,93,0.268817204301075
1,"Gemmatimonadetes","Gemmatimonadales","None",14,93,0.150537634408602
1,"Gemmatimonadetes","KD8-87","None",1,93,0.010752688172043
1,"Gemmatimonadetes","N1423WL","None",8,93,0.0860215053763441
1,"Gemmatimonadetes","Unknown","None",45,93,0.483870967741935
1,"Nitrospirae","Nitrospirales","None",15,15,1
1,"OD1","Unknown","None",3,3,1
1,"OP3","GIF10","None",1,3,0.333333333333333
1,"OP3","Unknown","None",2,3,0.666666666666667
1,"Planctomycetes","agg27","None",8,597,0.0134003350083752
1,"Planctomycetes","B97","None",1,597,0.0016750418760469
1,"Planctomycetes","CL500-15","None",8,597,0.0134003350083752
1,"Planctomycetes","CPla-3","None",8,597,0.0134003350083752
1,"Planctomycetes","d113","None",1,597,0.0016750418760469
1,"Planctomycetes","DH61","None",9,597,0.0150753768844221
1,"Planctomycetes","Gemmatales","None",320,597,0.536013400335008
1,"Planctomycetes","Gemmatales","Stover",6,597,0.0100502512562814
1,"Planctomycetes","MVS-107","None",1,597,0.0016750418760469
1,"Planctomycetes","p04_C01","None",6,597,0.0100502512562814
1,"Planctomycetes","Phycisphaerales","None",16,597,0.0268006700167504
1,"Planctomycetes","Pirellulales","None",78,597,0.130653266331658
1,"Planctomycetes","Pla1","None",3,597,0.0050251256281407
1,"Planctomycetes","Planctomycetales","None",33,597,0.0552763819095477
1,"Planctomycetes","Unknown","None",20,597,0.033500837520938
1,"Planctomycetes","WD2101","None",79,597,0.132328308207705
1,"Proteobacteria","A21b","None",8,1017,0.00786627335299902
1,"Proteobacteria","Aeromonadales","None",1,1017,0.000983284169124877
1,"Proteobacteria","Alteromonadales","None",4,1017,0.00393313667649951
1,"Proteobacteria","Alteromonadales","Stover",1,1017,0.000983284169124877
1,"Proteobacteria","BD7-3","None",3,1017,0.00294985250737463
1,"Proteobacteria","Bdellovibrionales","None",28,1017,0.0275319567354966
1,"Proteobacteria","Bdellovibrionales","Stover",4,1017,0.00393313667649951
1,"Proteobacteria","Burkholderiales","Both",4,1017,0.00393313667649951
1,"Proteobacteria","Burkholderiales","None",14,1017,0.0137659783677483
1,"Proteobacteria","Burkholderiales","PyOM",1,1017,0.000983284169124877
1,"Proteobacteria","Burkholderiales","Stover",25,1017,0.0245821042281219
1,"Proteobacteria","Caulobacterales","None",19,1017,0.0186823992133727
1,"Proteobacteria","Caulobacterales","Stover",5,1017,0.00491642084562439
1,"Proteobacteria","Chromatiales","None",1,1017,0.000983284169124877
1,"Proteobacteria","Desulfuromonadales","None",4,1017,0.00393313667649951
1,"Proteobacteria","Ellin329","None",16,1017,0.015732546705998
1,"Proteobacteria","Ellin6067","None",7,1017,0.00688298918387414
1,"Proteobacteria","Enterobacteriales","Stover",4,1017,0.00393313667649951
1,"Proteobacteria","[Entotheonellales]","None",3,1017,0.00294985250737463
1,"Proteobacteria","FAC87","None",10,1017,0.00983284169124877
1,"Proteobacteria","HTCC2188","None",1,1017,0.000983284169124877
1,"Proteobacteria","IS-44","None",1,1017,0.000983284169124877
1,"Proteobacteria","Legionellales","None",70,1017,0.0688298918387414
1,"Proteobacteria","Methylophilales","None",3,1017,0.00294985250737463
1,"Proteobacteria","Methylophilales","Stover",1,1017,0.000983284169124877
1,"Proteobacteria","MIZ46","None",44,1017,0.0432645034414946
1,"Proteobacteria","MND1","None",15,1017,0.0147492625368732
1,"Proteobacteria","Myxococcales","None",182,1017,0.178957718780728
1,"Proteobacteria","NB1-j","None",2,1017,0.00196656833824975
1,"Proteobacteria","Nitrosomonadales","None",1,1017,0.000983284169124877
1,"Proteobacteria","Oceanospirillales","None",1,1017,0.000983284169124877
1,"Proteobacteria","PHOS-HD29","None",1,1017,0.000983284169124877
1,"Proteobacteria","Pseudomonadales","None",1,1017,0.000983284169124877
1,"Proteobacteria","Pseudomonadales","Stover",8,1017,0.00786627335299902
1,"Proteobacteria","Rhizobiales","None",104,1017,0.102261553588987
1,"Proteobacteria","Rhizobiales","PyOM",1,1017,0.000983284169124877
1,"Proteobacteria","Rhizobiales","Stover",27,1017,0.0265486725663717
1,"Proteobacteria","Rhodobacterales","None",10,1017,0.00983284169124877
1,"Proteobacteria","Rhodocyclales","None",5,1017,0.00491642084562439
1,"Proteobacteria","Rhodospirillales","Both",2,1017,0.00196656833824975
1,"Proteobacteria","Rhodospirillales","None",108,1017,0.106194690265487
1,"Proteobacteria","Rhodospirillales","Stover",2,1017,0.00196656833824975
1,"Proteobacteria","Rickettsiales","None",6,1017,0.00589970501474926
1,"Proteobacteria","Rickettsiales","Stover",1,1017,0.000983284169124877
1,"Proteobacteria","SC-I-84","None",23,1017,0.0226155358898722
1,"Proteobacteria","Sphingomonadales","Both",5,1017,0.00491642084562439
1,"Proteobacteria","Sphingomonadales","None",26,1017,0.0255653883972468
1,"Proteobacteria","Sphingomonadales","Stover",16,1017,0.015732546705998
1,"Proteobacteria","Spirobacillales","None",9,1017,0.00884955752212389
1,"Proteobacteria","Syntrophobacterales","None",33,1017,0.0324483775811209
1,"Proteobacteria","Thiotrichales","None",5,1017,0.00491642084562439
1,"Proteobacteria","Unknown","None",64,1017,0.0629301868239921
1,"Proteobacteria","Xanthomonadales","Both",1,1017,0.000983284169124877
1,"Proteobacteria","Xanthomonadales","None",63,1017,0.0619469026548673
1,"Proteobacteria","Xanthomonadales","Stover",13,1017,0.0127826941986234
1,"Spirochaetes","[Leptospirales]","None",1,5,0.2
1,"Spirochaetes","Spirochaetales","None",4,5,0.8
1,"[Thermi]","Deinococcales","Stover",2,2,1
1,"TM6","Unknown","None",6,6,1
1,"TM7","Unknown","None",2,2,1
1,"Verrucomicrobia","[Cerasicoccales]","None",1,177,0.00564971751412429
1,"Verrucomicrobia","[Chthoniobacterales]","None",54,177,0.305084745762712
1,"Verrucomicrobia","[Chthoniobacterales]","Stover",3,177,0.0169491525423729
1,"Verrucomicrobia","Methylacidiphilales","None",1,177,0.00564971751412429
1,"Verrucomicrobia","Opitutales","None",10,177,0.0564971751412429
1,"Verrucomicrobia","[Pedosphaerales]","None",94,177,0.531073446327684
1,"Verrucomicrobia","[Pedosphaerales]","Stover",1,177,0.00564971751412429
1,"Verrucomicrobia","S-BQ2-57","None",4,177,0.0225988700564972
1,"Verrucomicrobia","Verrucomicrobiales","None",9,177,0.0508474576271186
1,"WPS-2","Unknown","None",6,7,0.857142857142857
1,"WPS-2","Unknown","Stover",1,7,0.142857142857143
1,"WS2","Unknown","None",3,3,1
1,"WS3","LD1-PA13","None",1,46,0.0217391304347826
1,"WS3","Sediment-1","None",44,46,0.956521739130435
1,"WS3","wb1_H11","None",1,46,0.0217391304347826
1,NA,"Unknown","None",11,11,1
2,"Acidobacteria","11-24","None",5,361,0.0138504155124654
2,"Acidobacteria","32-20","None",5,361,0.0138504155124654
2,"Acidobacteria","Acidobacteriales","None",66,361,0.182825484764543
2,"Acidobacteria","CCU21","None",17,361,0.0470914127423823
2,"Acidobacteria","DS-100","None",3,361,0.00831024930747922
2,"Acidobacteria","DS-18","None",10,361,0.0277008310249307
2,"Acidobacteria","Ellin6513","None",13,361,0.03601108033241
2,"Acidobacteria","Ellin7246","None",1,361,0.00277008310249307
2,"Acidobacteria","Holophagales","None",4,361,0.0110803324099723
2,"Acidobacteria","iii1-15","None",71,361,0.196675900277008
2,"Acidobacteria","iii1-15","Stover",1,361,0.00277008310249307
2,"Acidobacteria","JH-WHS99","None",1,361,0.00277008310249307
2,"Acidobacteria","MVS-40","None",2,361,0.00554016620498615
2,"Acidobacteria","PK29","None",5,361,0.0138504155124654
2,"Acidobacteria","RB41","None",21,361,0.0581717451523546
2,"Acidobacteria","RB41","PyOM",3,361,0.00831024930747922
2,"Acidobacteria","SJA-36","None",1,361,0.00277008310249307
2,"Acidobacteria","Solibacterales","None",61,361,0.168975069252078
2,"Acidobacteria","Solibacterales","PyOM",2,361,0.00554016620498615
2,"Acidobacteria","Solibacterales","Stover",4,361,0.0110803324099723
2,"Acidobacteria","Sva0725","None",16,361,0.0443213296398892
2,"Acidobacteria","Unknown","None",49,361,0.135734072022161
2,"Actinobacteria","0319-7L14","None",15,340,0.0441176470588235
2,"Actinobacteria","Acidimicrobiales","Both",1,340,0.00294117647058824
2,"Actinobacteria","Acidimicrobiales","None",69,340,0.202941176470588
2,"Actinobacteria","Acidimicrobiales","Stover",6,340,0.0176470588235294
2,"Actinobacteria","Actinomycetales","Both",8,340,0.0235294117647059
2,"Actinobacteria","Actinomycetales","None",107,340,0.314705882352941
2,"Actinobacteria","Actinomycetales","PyOM",3,340,0.00882352941176471
2,"Actinobacteria","Actinomycetales","Stover",22,340,0.0647058823529412
2,"Actinobacteria","Gaiellales","None",63,340,0.185294117647059
2,"Actinobacteria","Solirubrobacterales","None",43,340,0.126470588235294
2,"Actinobacteria","Solirubrobacterales","PyOM",1,340,0.00294117647058824
2,"Actinobacteria","Unknown","None",2,340,0.00588235294117647
2,"AD3","Unknown","None",11,11,1
2,"Armatimonadetes","Armatimonadales","Both",1,114,0.0087719298245614
2,"Armatimonadetes","Armatimonadales","None",9,114,0.0789473684210526
2,"Armatimonadetes","Chthonomonadales","None",17,114,0.149122807017544
2,"Armatimonadetes","[Fimbriimonadales]","None",15,114,0.131578947368421
2,"Armatimonadetes","[Fimbriimonadales]","PyOM",1,114,0.0087719298245614
2,"Armatimonadetes","[Fimbriimonadales]","Stover",2,114,0.0175438596491228
2,"Armatimonadetes","FW68","None",3,114,0.0263157894736842
2,"Armatimonadetes","FW68","Stover",1,114,0.0087719298245614
2,"Armatimonadetes","SJA-22","None",10,114,0.087719298245614
2,"Armatimonadetes","Unknown","Both",1,114,0.0087719298245614
2,"Armatimonadetes","Unknown","None",54,114,0.473684210526316
2,"Bacteroidetes","Cytophagales","Both",6,265,0.0226415094339623
2,"Bacteroidetes","Cytophagales","None",29,265,0.109433962264151
2,"Bacteroidetes","Cytophagales","PyOM",3,265,0.0113207547169811
2,"Bacteroidetes","Cytophagales","Stover",25,265,0.0943396226415094
2,"Bacteroidetes","Flavobacteriales","Both",2,265,0.00754716981132075
2,"Bacteroidetes","Flavobacteriales","None",5,265,0.0188679245283019
2,"Bacteroidetes","Flavobacteriales","Stover",2,265,0.00754716981132075
2,"Bacteroidetes","[Saprospirales]","Both",6,265,0.0226415094339623
2,"Bacteroidetes","[Saprospirales]","None",69,265,0.260377358490566
2,"Bacteroidetes","[Saprospirales]","PyOM",11,265,0.0415094339622641
2,"Bacteroidetes","[Saprospirales]","Stover",30,265,0.113207547169811
2,"Bacteroidetes","Sphingobacteriales","Both",6,265,0.0226415094339623
2,"Bacteroidetes","Sphingobacteriales","None",42,265,0.158490566037736
2,"Bacteroidetes","Sphingobacteriales","PyOM",6,265,0.0226415094339623
2,"Bacteroidetes","Sphingobacteriales","Stover",17,265,0.0641509433962264
2,"Bacteroidetes","Unknown","Both",2,265,0.00754716981132075
2,"Bacteroidetes","Unknown","None",3,265,0.0113207547169811
2,"Bacteroidetes","Unknown","Stover",1,265,0.00377358490566038
2,"BRC1","Unknown","None",4,5,0.8
2,"BRC1","Unknown","Stover",1,5,0.2
2,"Chlorobi","A89","None",3,7,0.428571428571429
2,"Chlorobi","Unknown","None",3,7,0.428571428571429
2,"Chlorobi","Unknown","PyOM",1,7,0.142857142857143
2,"Chloroflexi","A31","None",7,284,0.0246478873239437
2,"Chloroflexi","AKIW781","None",3,284,0.0105633802816901
2,"Chloroflexi","AKYG1722","None",4,284,0.0140845070422535
2,"Chloroflexi","AKYG885","None",7,284,0.0246478873239437
2,"Chloroflexi","B07_WMSP1","None",7,284,0.0246478873239437
2,"Chloroflexi","B10-SB3A","None",1,284,0.00352112676056338
2,"Chloroflexi","Caldilineales","None",7,284,0.0246478873239437
2,"Chloroflexi","CFB-26","None",3,284,0.0105633802816901
2,"Chloroflexi","Elev-1554","None",2,284,0.00704225352112676
2,"Chloroflexi","Ellin6537","None",3,284,0.0105633802816901
2,"Chloroflexi","envOPS12","None",5,284,0.0176056338028169
2,"Chloroflexi","H39","None",5,284,0.0176056338028169
2,"Chloroflexi","JG30-KF-AS9","None",21,284,0.073943661971831
2,"Chloroflexi","JG30-KF-CM45","None",14,284,0.0492957746478873
2,"Chloroflexi","JG30-KF-CM45","PyOM",1,284,0.00352112676056338
2,"Chloroflexi","JG30-KF-CM45","Stover",4,284,0.0140845070422535
2,"Chloroflexi","Ktedonobacterales","None",15,284,0.0528169014084507
2,"Chloroflexi","mle1-48","None",4,284,0.0140845070422535
2,"Chloroflexi","[Roseiflexales]","None",3,284,0.0105633802816901
2,"Chloroflexi","SBR1031","None",28,284,0.0985915492957746
2,"Chloroflexi","Thermogemmatisporales","None",22,284,0.0774647887323944
2,"Chloroflexi","Thermogemmatisporales","Stover",2,284,0.00704225352112676
2,"Chloroflexi","TK10","None",9,284,0.0316901408450704
2,"Chloroflexi","Unknown","Both",1,284,0.00352112676056338
2,"Chloroflexi","Unknown","None",106,284,0.373239436619718
2,"Cyanobacteria","MLE1-12","None",3,37,0.0810810810810811
2,"Cyanobacteria","Nostocales","None",4,37,0.108108108108108
2,"Cyanobacteria","Oscillatoriales","None",1,37,0.027027027027027
2,"Cyanobacteria","Pseudanabaenales","None",3,37,0.0810810810810811
2,"Cyanobacteria","SM1D11","None",5,37,0.135135135135135
2,"Cyanobacteria","Unknown","None",19,37,0.513513513513513
2,"Cyanobacteria","Unknown","PyOM",1,37,0.027027027027027
2,"Cyanobacteria","Unknown","Stover",1,37,0.027027027027027
2,"Elusimicrobia","Elusimicrobiales","None",10,55,0.181818181818182
2,"Elusimicrobia","Elusimicrobiales","Stover",1,55,0.0181818181818182
2,"Elusimicrobia","FAC88","None",23,55,0.418181818181818
2,"Elusimicrobia","IIb","None",17,55,0.309090909090909
2,"Elusimicrobia","MVP-88","None",3,55,0.0545454545454545
2,"Elusimicrobia","Unknown","None",1,55,0.0181818181818182
2,"FBP","Unknown","None",5,7,0.714285714285714
2,"FBP","Unknown","PyOM",1,7,0.142857142857143
2,"FBP","Unknown","Stover",1,7,0.142857142857143
2,"FCPU426","Unknown","None",6,6,1
2,"Fibrobacteres","258ds10","None",1,1,1
2,"Firmicutes","Bacillales","None",40,69,0.579710144927536
2,"Firmicutes","Bacillales","Stover",8,69,0.115942028985507
2,"Firmicutes","Clostridiales","None",21,69,0.304347826086957
2,"GAL15","Unknown","None",1,1,1
2,"Gemmatimonadetes","Ellin5290","Both",1,97,0.0103092783505155
2,"Gemmatimonadetes","Ellin5290","None",23,97,0.237113402061856
2,"Gemmatimonadetes","Ellin5290","PyOM",4,97,0.0412371134020619
2,"Gemmatimonadetes","Ellin5290","Stover",1,97,0.0103092783505155
2,"Gemmatimonadetes","Gemmatimonadales","None",14,97,0.144329896907216
2,"Gemmatimonadetes","Gemmatimonadales","PyOM",3,97,0.0309278350515464
2,"Gemmatimonadetes","N1423WL","None",8,97,0.0824742268041237
2,"Gemmatimonadetes","Unknown","Both",1,97,0.0103092783505155
2,"Gemmatimonadetes","Unknown","None",40,97,0.412371134020619
2,"Gemmatimonadetes","Unknown","Stover",2,97,0.0206185567010309
2,"Nitrospirae","Nitrospirales","None",15,15,1
2,"OD1","Unknown","None",4,4,1
2,"OP11","Unknown","None",1,1,1
2,"OP3","GIF10","Stover",1,1,1
2,"Planctomycetes","agg27","None",5,617,0.00810372771474878
2,"Planctomycetes","agg27","Stover",1,617,0.00162074554294976
2,"Planctomycetes","B97","None",2,617,0.00324149108589951
2,"Planctomycetes","CL500-15","None",6,617,0.00972447325769854
2,"Planctomycetes","CPla-3","None",8,617,0.0129659643435981
2,"Planctomycetes","d113","None",1,617,0.00162074554294976
2,"Planctomycetes","DH61","None",5,617,0.00810372771474878
2,"Planctomycetes","DH61","Stover",2,617,0.00324149108589951
2,"Planctomycetes","Gemmatales","None",321,617,0.520259319286872
2,"Planctomycetes","Gemmatales","PyOM",4,617,0.00648298217179903
2,"Planctomycetes","Gemmatales","Stover",22,617,0.0356564019448947
2,"Planctomycetes","MVS-107","None",1,617,0.00162074554294976
2,"Planctomycetes","p04_C01","None",5,617,0.00810372771474878
2,"Planctomycetes","Phycisphaerales","None",13,617,0.0210696920583468
2,"Planctomycetes","Pirellulales","None",70,617,0.113452188006483
2,"Planctomycetes","Pirellulales","PyOM",1,617,0.00162074554294976
2,"Planctomycetes","Pirellulales","Stover",5,617,0.00810372771474878
2,"Planctomycetes","Pla1","None",3,617,0.00486223662884927
2,"Planctomycetes","Planctomycetales","Both",2,617,0.00324149108589951
2,"Planctomycetes","Planctomycetales","None",27,617,0.0437601296596434
2,"Planctomycetes","Planctomycetales","Stover",10,617,0.0162074554294976
2,"Planctomycetes","Unknown","None",13,617,0.0210696920583468
2,"Planctomycetes","WD2101","Both",5,617,0.00810372771474878
2,"Planctomycetes","WD2101","None",82,617,0.13290113452188
2,"Planctomycetes","WD2101","PyOM",3,617,0.00486223662884927
2,"Proteobacteria","A21b","None",8,966,0.0082815734989648
2,"Proteobacteria","Aeromonadales","Stover",1,966,0.0010351966873706
2,"Proteobacteria","Alteromonadales","Both",1,966,0.0010351966873706
2,"Proteobacteria","Alteromonadales","None",1,966,0.0010351966873706
2,"Proteobacteria","Alteromonadales","Stover",4,966,0.0041407867494824
2,"Proteobacteria","BD7-3","None",1,966,0.0010351966873706
2,"Proteobacteria","Bdellovibrionales","Both",1,966,0.0010351966873706
2,"Proteobacteria","Bdellovibrionales","None",21,966,0.0217391304347826
2,"Proteobacteria","Bdellovibrionales","PyOM",3,966,0.0031055900621118
2,"Proteobacteria","Bdellovibrionales","Stover",1,966,0.0010351966873706
2,"Proteobacteria","Burkholderiales","Both",9,966,0.0093167701863354
2,"Proteobacteria","Burkholderiales","None",28,966,0.0289855072463768
2,"Proteobacteria","Burkholderiales","PyOM",3,966,0.0031055900621118
2,"Proteobacteria","Burkholderiales","Stover",7,966,0.0072463768115942
2,"Proteobacteria","Caulobacterales","Both",5,966,0.005175983436853
2,"Proteobacteria","Caulobacterales","None",10,966,0.010351966873706
2,"Proteobacteria","Caulobacterales","PyOM",1,966,0.0010351966873706
2,"Proteobacteria","Caulobacterales","Stover",7,966,0.0072463768115942
2,"Proteobacteria","Desulfuromonadales","None",3,966,0.0031055900621118
2,"Proteobacteria","Ellin329","None",9,966,0.0093167701863354
2,"Proteobacteria","Ellin329","Stover",5,966,0.005175983436853
2,"Proteobacteria","Ellin6067","None",5,966,0.005175983436853
2,"Proteobacteria","Ellin6067","Stover",1,966,0.0010351966873706
2,"Proteobacteria","Enterobacteriales","Stover",1,966,0.0010351966873706
2,"Proteobacteria","[Entotheonellales]","None",3,966,0.0031055900621118
2,"Proteobacteria","FAC87","None",9,966,0.0093167701863354
2,"Proteobacteria","FAC87","Stover",1,966,0.0010351966873706
2,"Proteobacteria","HTCC2188","None",2,966,0.0020703933747412
2,"Proteobacteria","IS-44","None",1,966,0.0010351966873706
2,"Proteobacteria","Legionellales","Both",1,966,0.0010351966873706
2,"Proteobacteria","Legionellales","None",58,966,0.0600414078674948
2,"Proteobacteria","Legionellales","PyOM",1,966,0.0010351966873706
2,"Proteobacteria","Legionellales","Stover",6,966,0.0062111801242236
2,"Proteobacteria","Methylophilales","None",2,966,0.0020703933747412
2,"Proteobacteria","Methylophilales","Stover",3,966,0.0031055900621118
2,"Proteobacteria","MIZ46","None",37,966,0.0383022774327122
2,"Proteobacteria","MIZ46","Stover",3,966,0.0031055900621118
2,"Proteobacteria","MND1","None",13,966,0.0134575569358178
2,"Proteobacteria","MND1","Stover",1,966,0.0010351966873706
2,"Proteobacteria","Myxococcales","Both",1,966,0.0010351966873706
2,"Proteobacteria","Myxococcales","None",141,966,0.145962732919255
2,"Proteobacteria","Myxococcales","PyOM",4,966,0.0041407867494824
2,"Proteobacteria","Myxococcales","Stover",14,966,0.0144927536231884
2,"Proteobacteria","NB1-j","None",1,966,0.0010351966873706
2,"Proteobacteria","Nitrosomonadales","None",1,966,0.0010351966873706
2,"Proteobacteria","Oceanospirillales","Stover",1,966,0.0010351966873706
2,"Proteobacteria","PHOS-HD29","None",1,966,0.0010351966873706
2,"Proteobacteria","Pseudomonadales","Both",1,966,0.0010351966873706
2,"Proteobacteria","Pseudomonadales","None",3,966,0.0031055900621118
2,"Proteobacteria","Pseudomonadales","Stover",3,966,0.0031055900621118
2,"Proteobacteria","Rhizobiales","Both",13,966,0.0134575569358178
2,"Proteobacteria","Rhizobiales","None",93,966,0.0962732919254658
2,"Proteobacteria","Rhizobiales","PyOM",3,966,0.0031055900621118
2,"Proteobacteria","Rhizobiales","Stover",24,966,0.0248447204968944
2,"Proteobacteria","Rhodobacterales","None",7,966,0.0072463768115942
2,"Proteobacteria","Rhodobacterales","PyOM",1,966,0.0010351966873706
2,"Proteobacteria","Rhodobacterales","Stover",2,966,0.0020703933747412
2,"Proteobacteria","Rhodocyclales","None",4,966,0.0041407867494824
2,"Proteobacteria","Rhodocyclales","PyOM",1,966,0.0010351966873706
2,"Proteobacteria","Rhodospirillales","Both",6,966,0.0062111801242236
2,"Proteobacteria","Rhodospirillales","None",90,966,0.093167701863354
2,"Proteobacteria","Rhodospirillales","PyOM",3,966,0.0031055900621118
2,"Proteobacteria","Rhodospirillales","Stover",10,966,0.010351966873706
2,"Proteobacteria","Rickettsiales","None",6,966,0.0062111801242236
2,"Proteobacteria","Rickettsiales","Stover",2,966,0.0020703933747412
2,"Proteobacteria","SC-I-84","None",21,966,0.0217391304347826
2,"Proteobacteria","SC-I-84","Stover",3,966,0.0031055900621118
2,"Proteobacteria","Sphingomonadales","Both",8,966,0.0082815734989648
2,"Proteobacteria","Sphingomonadales","None",26,966,0.0269151138716356
2,"Proteobacteria","Sphingomonadales","PyOM",1,966,0.0010351966873706
2,"Proteobacteria","Sphingomonadales","Stover",11,966,0.0113871635610766
2,"Proteobacteria","Spirobacillales","Both",1,966,0.0010351966873706
2,"Proteobacteria","Spirobacillales","None",11,966,0.0113871635610766
2,"Proteobacteria","Spirobacillales","Stover",1,966,0.0010351966873706
2,"Proteobacteria","Syntrophobacterales","None",31,966,0.0320910973084886
2,"Proteobacteria","Thiotrichales","None",5,966,0.005175983436853
2,"Proteobacteria","Unknown","Both",2,966,0.0020703933747412
2,"Proteobacteria","Unknown","None",56,966,0.0579710144927536
2,"Proteobacteria","Unknown","PyOM",1,966,0.0010351966873706
2,"Proteobacteria","Unknown","Stover",5,966,0.005175983436853
2,"Proteobacteria","Xanthomonadales","Both",10,966,0.010351966873706
2,"Proteobacteria","Xanthomonadales","None",49,966,0.0507246376811594
2,"Proteobacteria","Xanthomonadales","Stover",11,966,0.0113871635610766
2,"Spirochaetes","[Leptospirales]","Stover",1,4,0.25
2,"Spirochaetes","Spirochaetales","None",1,4,0.25
2,"Spirochaetes","Spirochaetales","Stover",2,4,0.5
2,"[Thermi]","Deinococcales","None",4,4,1
2,"TM6","Unknown","None",3,3,1
2,"TM7","Unknown","None",5,5,1
2,"Verrucomicrobia","[Cerasicoccales]","None",1,182,0.00549450549450549
2,"Verrucomicrobia","[Cerasicoccales]","Stover",1,182,0.00549450549450549
2,"Verrucomicrobia","[Chthoniobacterales]","Both",5,182,0.0274725274725275
2,"Verrucomicrobia","[Chthoniobacterales]","None",45,182,0.247252747252747
2,"Verrucomicrobia","[Chthoniobacterales]","PyOM",1,182,0.00549450549450549
2,"Verrucomicrobia","[Chthoniobacterales]","Stover",8,182,0.043956043956044
2,"Verrucomicrobia","Opitutales","None",6,182,0.032967032967033
2,"Verrucomicrobia","Opitutales","Stover",3,182,0.0164835164835165
2,"Verrucomicrobia","[Pedosphaerales]","None",89,182,0.489010989010989
2,"Verrucomicrobia","[Pedosphaerales]","PyOM",2,182,0.010989010989011
2,"Verrucomicrobia","[Pedosphaerales]","Stover",4,182,0.021978021978022
2,"Verrucomicrobia","S-BQ2-57","None",1,182,0.00549450549450549
2,"Verrucomicrobia","Verrucomicrobiales","Both",6,182,0.032967032967033
2,"Verrucomicrobia","Verrucomicrobiales","None",4,182,0.021978021978022
2,"Verrucomicrobia","Verrucomicrobiales","PyOM",1,182,0.00549450549450549
2,"Verrucomicrobia","Verrucomicrobiales","Stover",5,182,0.0274725274725275
2,"WPS-2","Unknown","None",5,5,1
2,"WS2","Unknown","None",2,2,1
2,"WS3","LD1-PA13","None",1,42,0.0238095238095238
2,"WS3","Sediment-1","None",41,42,0.976190476190476
2,NA,"Unknown","None",14,15,0.933333333333333
2,NA,"Unknown","PyOM",1,15,0.0666666666666667
